<?xml version="1.0" encoding="UTF-8"?>
<!DOCTYPE suite SYSTEM "https://testng.org/testng-1.0.dtd">
<suite name="Suite">
<listeners>
		<listener class-name="org.uncommons.reportng.HTMLReporter"/>
		<listener class-name="org.uncommons.reportng.JUnitXMLReporter"/>
		<listener class-name="Listeners.CustomListeners"/>
	</listeners>
  <test thread-count="5" name="Bank Manager LoginTest">
    <classes>
      <class name="Testcases.BankManagerLoginTest"/>
    </classes>
  </test> <!-- Test -->
  <test thread-count="5" name="Add CustomerTest">
    <classes>
      <class name="Testcases.AddCustomerTest"/>
    </classes>
  </test> <!-- Test -->
  
  
</suite> <!-- Suite -->
