<?xml version="1.0" encoding="UTF-8"?>
<!DOCTYPE suite SYSTEM "https://testng.org/testng-1.0.dtd">
<suite name="Suite">
  <test thread-count="5" name="Test">
    <classes>
     <!-- <class name="Tests.Painting_Cleaning_Test"/>--> 
      <!-- <class name="Tests.MyBooking_Test"/>-->
       <!-- <class name="Tests.WonderLegal_Test"/> --> 
          <class name="Tests.Luma_Test"/>
        <!--<class name="Tests.DemoWebShop_Test"/>  -->
    </classes>
  </test> <!-- Test -->
</suite> <!-- Suite -->
